id,name,description,deadline,status,date_added,lms
1,Изучение новых программных языков,Овладение современными языками программирования для расширения технических компетенций.,2024-04-09,not_done,2023-03-01,1
2,Создание веб-приложения,Разработка полнофункционального веб-приложения от идеи до завершенного продукта.,2024-05-28,canceled,2023-01-07,2
3,Оптимизация баз данных,Улучшение производительности баз данных и оптимизация их структуры для эффективного хранения данных.,2024-07-11,in_progress,2023-12-06,3
4,Тестирование программного обеспечения,Изучение методов тестирования ПО и применение их на практике для обеспечения качества кода.,2024-03-24,in_progress,2023-10-07,4
5,Разработка мобильного приложения,Создание мобильного приложения с использованием современных технологий для платформ iOS и Android.,2024-03-11,canceled,2023-12-05,5
6,Внедрение DevOps практик,Внедрение методологии DevOps для автоматизации процессов разработки тестирования и развертывания приложений.,2024-04-18,not_done,2023-04-02,6
7,Обучение машинному обучению,Овладение основами машинного обучения и создание моделей для решения практических задач.,2024-11-20,not_done,2023-10-25,7
8,Разработка интерфейса пользователя,Улучшение навыков создания удобных и интуитивно понятных интерфейсов для пользовательских приложений.,2025-01-10,not_done,2023-11-26,8
9,Исследование кибербезопасности,Изучение методов обеспечения кибербезопасности и анализ уязвимостей в сетевых системах.,2024-04-08,in_progress,2023-05-20,9
10,Создание сетевых приложений,Разработка сетевых приложений для обеспечения коммуникации и обмена данными между устройствами.,2024-11-17,completed,2023-03-06,10
11,Оптимизация производительности кода,Повышение эффективности кода через оптимизацию алгоритмов и использование лучших практик программирования.,2024-03-08,canceled,2023-08-06,11
12,Управление проектами в IT,Овладение методиками управления проектами в IT-сфере для успешного ведения и завершения проектов.,2025-01-12,completed,2023-07-08,12
13,Работа с большими данными,Изучение технологий обработки и анализа больших объемов данных для принятия информированных решений.,2024-05-20,in_progress,2023-08-27,13
14,Разработка распределенных систем,Создание распределенных систем для эффективного взаимодействия между компонентами приложения.,2024-02-24,completed,2023-01-19,14
15,Тестирование безопасности ПО,Проведение тестирования на безопасность для выявления и устранения потенциальных угроз.,2024-03-15,completed,2023-05-14,15
16,Работа с облачными технологиями,Изучение и использование облачных сервисов для развертывания и масштабирования приложений.,2024-05-10,completed,2023-09-29,16
17,Разработка игровых приложений,Создание игровых приложений с использованием графики анимаций и интересного геймплея.,2024-07-05,not_done,2023-08-18,17
18,Внедрение искусственного интеллекта,Исследование и внедрение методов искусственного интеллекта для улучшения функциональности приложений.,2025-01-10,completed,2023-08-24,18
19,Разработка алгоритмов машинного обучения,Разработка и оптимизация алгоритмов машинного обучения для решения конкретных задач.,2024-08-09,not_done,2023-08-29,19
20,Создание робототехнических систем,Разработка программного обеспечения для управления роботами и автоматизации производственных процессов.,2024-05-28,not_done,2023-08-12,20
21,Оптимизация работы с базами данных,Повышение эффективности запросов к базам данных и оптимизация их структуры для быстрого доступа.,2025-01-19,canceled,2023-10-31,21
22,Разработка архитектуры ПО,Проектирование и разработка архитектуры программного обеспечения для обеспечения его масштабируемости и гибкости.,2024-04-16,canceled,2023-09-08,22
23,Обучение техническому письму,Развитие навыков написания технической документации и коммуникации с коллегами и заказчиками.,2025-01-10,in_progress,2023-12-01,23
24,Разработка сенсорных интерфейсов,Создание приложений с сенсорными интерфейсами для улучшения взаимодействия с пользователем.,2024-11-23,completed,2023-03-23,24
25,Автоматизация тестирования,Внедрение средств автоматизации тестирования для быстрой проверки функциональности приложений.,2025-01-23,completed,2023-02-03,25
26,Разработка дополненной реальности,Создание приложений с использованием технологий дополненной реальности для новых пользовательских впечатлений.,2024-02-09,in_progress,2023-09-29,26
27,Улучшение процесса CI/CD,Реализация непрерывной интеграции и доставки для автоматизации процесса разработки и развертывания приложений.,2024-10-18,not_done,2023-01-01,27
28,Работа с API и веб-сервисами,Интеграция с внешними сервисами через API для расширения функциональности приложений.,2024-05-19,in_progress,2023-08-27,28
29,Разработка технологий IoT,Создание приложений и устройств для Интернет-вещей,2024-10-11,in_progress,2023-09-08,29
30,Изучение DevOps практик,Внедрение DevOps методологии для улучшения процесса разработки и внедрения,2024-09-20,in_progress,2023-12-03,30
31,Разработка системы управления версиями,Изучение и применение систем контроля версий для эффективного управления кодовой базой.,2024-05-13,canceled,2023-05-27,31
32,Тестирование производительности,Проведение тестирования для оценки производительности приложения и выявления узких мест.,2024-12-08,not_done,2023-06-28,32
33,Разработка микросервисной архитектуры,Проектирование и реализация основанной на микросервисах для легкости масштабирования.,2024-03-07,in_progress,2022-12-05,33
34,Обучение и применение Docker,Овладение технологией контейнеризации с применением Docker для упрощения развертывания приложений.,2024-05-12,not_done,2023-08-09,34
35,Исследование квантовых вычислений,Изучение основ квантовых вычислений и их потенциальное влияние на разработку IT-решений.,2025-01-13,not_done,2023-04-25,35
36,Создание системы мониторинга,Разработка системы мониторинга для отслеживания работы приложений и выявления проблем.,2024-04-20,not_done,2023-04-25,36
37,Работа с реальными временными данными,Обработка данных в режиме реального времени для создания приложений с динамичным контентом.,2024-04-10,canceled,2023-03-09,37
38,Разработка алгоритмов оптимизации,Создание алгоритмов оптимизации для улучшения работы приложений и снижения нагрузки.,2024-05-23,canceled,2023-07-09,38
39,Исследование технологий блокчейн,Ознакомление с технологиями блокчейн и их применение в различных областях.,2024-06-30,not_done,2023-08-25,1
40,Разработка асинхронных приложений,Создание приложений с асинхронной обработкой данных для повышения отзывчивости.,2024-12-28,not_done,2023-01-03,2
41,Улучшение навыков рефакторинга,Овладение техниками рефакторинга кода для повышения его читаемости и поддерживаемости.,2024-02-06,completed,2023-09-14,3
42,Разработка графических интерфейсов,Создание пользовательских интерфейсов с использованием современных графических технологий.,2024-03-03,canceled,2023-01-22,4
43,Работа с геоданными,Обработка и использование геоданных для создания приложений с географической ориентацией.,2024-04-17,in_progress,2023-06-16,5
44,Исследование технологий автоматизации,Изучение средств автоматизации различных аспектов разработки и тестирования.,2024-07-14,completed,2023-02-25,6
45,Разработка алгоритмов обработки изображений,Создание алгоритмов обработки изображений для улучшения функциональности приложений.,2024-06-24,in_progress,2023-09-15,7
46,Оптимизация работы с сетевыми протоколами,Улучшение взаимодействия приложений с использованием эффективных сетевых протоколов.,2024-05-02,not_done,2023-07-10,8
47,Обучение и применение GraphQL,Изучение и использование языка запросов GraphQL для более эффективного взаимодействия с сервером.,2025-01-09,not_done,2023-09-30,9
48,Разработка системы рекомендаций,Создание системы рекомендаций для улучшения пользовательского опыта и персонализации контента.,2024-04-03,completed,2023-06-26,10
49,Тестирование совместимости,Проведение тестирования для проверки совместимости приложения с различными платформами и устройствами.,2024-03-02,not_done,2023-05-06,11
50,Работа с аудио и видео данными,Обработка и использование аудио и видео данных для создания мультимедийных приложений.,2024-11-21,completed,2023-02-18,12
51,Интеграция искусственного интеллекта,Интеграция существующих моделей искусственного интеллекта в приложения для улучшения функциональности.,2024-04-04,canceled,2023-09-06,13
52,Оптимизация использования ресурсов,Повышение эффективности использования ресурсов приложения для экономии вычислительных мощностей.,2024-04-02,completed,2023-09-22,14
53,Разработка системы управления конфигурацией,Создание системы управления конфигурацией для отслеживания изменений в коде и настройках приложений.,2024-09-17,completed,2023-01-19,15
54,Работа с большими объемами данных,Обработка и анализ больших объемов данных для выявления трендов и паттернов.,2024-06-23,not_done,2023-12-02,16
55,Создание приложений для мобильных устройств,Разработка приложений оптимизированных для мобильных устройств и различных экранов.,2024-07-05,not_done,2023-05-14,17
56,Обучение и применение NoSQL баз данных,Изучение и использование NoSQL баз данных для работы с разнообразными типами данных.,2024-02-04,canceled,2023-01-04,18
57,Разработка алгоритмов распознавания текста,Создание алгоритмов для распознавания и обработки текстовых данных в приложениях.,2024-07-26,canceled,2023-03-14,19
58,Исследование и применение технологий VR/AR,Изучение и использование технологий виртуальной и дополненной реальности в разработке приложений.,2024-08-28,canceled,2022-12-23,20
59,Разработка системы управления доступом,Создание системы управления доступом для обеспечения безопасности приложений и данных.,2024-10-16,completed,2023-01-13,21
60,Изучение нового языка программирования,Овладение основами синтаксиса и возможностями выбранного языка,2024-08-14,not_done,2023-09-01,22
61,Разработка веб-приложения,Создание полноценного веб-приложения с использованием фреймворка,2024-04-23,in_progress,2023-07-27,23
62,Обучение алгоритмам и структурам данных,Изучение основных алгоритмов и структур данных для оптимизации кода,2024-11-29,not_done,2023-06-28,24
63,Углубленное изучение баз данных,Понимание принципов работы баз данных и оптимизация запросов,2024-04-18,in_progress,2023-06-18,25
64,Создание мобильного приложения,Разработка приложения под мобильные устройства с использованием мобильных фреймворков,2024-11-27,canceled,2023-05-22,26
65,Оптимизация производительности кода,Анализ и улучшение производительности кода в больших проектах,2024-05-16,completed,2023-12-10,27
66,Изучение технологии блокчейн,Понимание принципов работы технологии блокчейн и создание простого смарт-контракта,2024-03-25,canceled,2023-02-12,28
67,Работа с облачными сервисами,Интеграция приложения с облачными сервисами для масштабирования,2024-04-22,in_progress,2023-06-30,29
68,Тестирование программного обеспечения,Овладение методами тестирования и написание эффективных тестов,2024-07-08,in_progress,2023-03-12,30
69,Создание искусственного интеллекта,Разработка простого искусственного интеллекта для определенной задачи,2024-07-23,not_done,2023-10-30,31
70,Изучение сетевых технологий,Понимание принципов работы сетей и создание сетевых приложений,2024-10-25,completed,2022-12-12,32
71,Работа с большими данными,Обработка и анализ больших объемов данных с использованием специализированных инструментов,2024-05-21,canceled,2023-05-26,33
72,Системное администрирование,Овладение навыками установки настройки и поддержки серверов,2024-10-29,completed,2023-01-30,34
73,Разработка игрового приложения,Создание игрового приложения с использованием игровых движков,2024-07-25,in_progress,2022-12-05,35
74,Изучение кибербезопасности,Повышение уровня защиты программного обеспечения от киберугроз,2024-08-13,canceled,2023-07-19,36
75,Разработка интерфейсов пользователя,Создание удобных и интуитивно понятных пользовательских интерфейсов,2025-01-13,completed,2023-09-18,37
76,Автоматизация рутинных задач,Написание скриптов и программ для автоматизации повседневных задач,2024-07-28,not_done,2023-01-07,38